{
"☆金水门":["no0421","30","波風ミナト［英雄の光跡］"],
"☆自来也":["no0411","30","自来也［自来也豪傑忍伝］"],
"☆卡卡西":["no0402","30","はたけカカシ［僅かな光明］"],
"☆纲手":["no0381","30","綱手［五代目火影の誇り］"],
"☆柱间":["no03412","30","千手柱間［不獟の赤い結界］"],
"☆仙鸣":["no0283","30","うずまきナルト［拓かれた仙術］"],
"☆佩恩":["no0354","30","ペイン［戦の輪廻］"],
"☆鼬":["no03722","30","うちはイタチ［同胞殺し］"],
"☆斑":["no0308","30","うちはマダラ［嘲笑う真の盟主］"],
"☆小樱":["no0484","32","春野サクラ［口寄せ三竦み・蛞蝓］"],
"☆二柱子":["no0483","30","うちはサスケ［口寄せ三竦み・蠎蛇］"],
"☆九喇叭":["no0482","32","うずまきナルト［口寄せ三竦み・蝦蟇］"],
"★夜凯":["no0520","90","マイト・ガイ［終焉の紅き猛獣］"],
"☆我爱罗":["no0500","30","我愛羅［確たる決意］"],
"☆阴佐":["no0543","32","うちはサスケ［授かりし力・陰］"],
"☆阳鸣":["no05421","32","うずまきナルト［授かりし力・陽］"],
"★六道斑":["no0545","32","うちはマダラ［六道の力］"],
"☆新鼬":["no0511","30","うちはイタチ［虚構の月］"],
"★须佐":["no0596","32","うちはサスケ［断ち切る過去］"],
"★尾兽玉":["no0595","32","うずまきナルト［選択された未来］"],
"★螺旋鸣":["no0602","35","うずまきナルト［究極の螺旋］"],
"★新柱间":["no0606","32","千手柱間［忍の神と謳われし者］"],
"★希望樱":["no0633","35","春野サクラ［希望の未来］"],
"★灾炎斑":["no0634","32","うちはマダラ［破壊と災禍の化身］"],
"★宁次":["no0641","30","日向ネジ［振り払いし呪縛］"],
"★雏田":["no7709","35","日向ヒナタ［清き白百合］"],
"★须卡":["no0638","35","はたけカカシ［双眸の写輪眼］"],
"★麒麟佐":["no0627","35","うちはサスケ［憎悪の雷鳴］"],
"★金闪光":["no0650","32","波風ミナト［鎮魂の光耀］"],
"★辛玖奈":["no0651","30","うずまきクシナ［堅牢なる鎖］"],
"★知带土":["no0700","32","うちはオビト［絶望の理］"],
"★真传佐":["no701","32",""]
}